"Specimen Number","Species ID","Group","Family","Scientific Name","Common Name","Country","State","County","Locality","Latitude","Longitude","Source","Accuracy","Drainage Name","HUC 8 Number","Year","Month","Day","Status","Comments","record_type","disposal","Museum_Cat_No","fresh_marine_intro","Reference 1","Type 1","Date 1","Author 1","Title 1","Publisher 1","Location 1","Reference 2","Type 2","Date 2","Author 2","Title 2","Publisher 2","Location 2","Reference 3","Type 3","Date 3","Author 3","Title 3","Publisher 3","Location 3","Reference 4","Type 4","Date 4","Author 4","Title 4","Publisher 4","Location 4","Reference 5","Type 5","Date 5","Author 5","Title 5","Publisher 5","Location 5","Reference 6","Type 6","Date 6","Author 6","Title 6","Publisher 6","Location 6"
"1321346","53","Amphibians-Frogs","Hylidae","Hyla cinerea","Green Treefrog","United States of America","AR","Baxter","Baxter County","36.3122","-92.354317","US Census Bureau","Centroid","Upper White","11010000","1996","","","established","","Personal communication","","","Freshwater","","","","","","","","","","","","","","","","","","","","","","","","","","","","","","","","","","","","","","","","","",""
"1321313","53","Amphibians-Frogs","Hylidae","Hyla cinerea","Green Treefrog","United States of America","AR","Stone","pond on Eagle Point Rd, near Dogwood Trl","35.91521","-92.09744","reported","Accurate","Middle White","11010004","2016","7","13","unknown","","NAS sighting report","","","Freshwater","","","","","","","","","","","","","","","","","","","","","","","","","","","","","","","","","","","","","","","","","",""
"156085","53","Amphibians-Frogs","Hylidae","Hyla cinerea","Green Treefrog","United States of America","KS","Douglas","commercial fish farm in Douglas County","38.9532","-95.2258","","Approximate","Lower Kansas","10270104","1974","","","established","J. Perry revisited the same locality in 1975 and collected 37 additional specimens.","Literature","","","Freshwater","13188","Book","1993","Collins, J.T.","Amphibians and Reptiles in Kansas. Third Edition, Revised.","The University of Kansas, Museum of Natural History, Lawrence.","","","","","","","","","","","","","","","","","","","","","","","","","","","","","","","","","","","",""
"120","53","Amphibians-Frogs","Hylidae","Hyla cinerea","Green Treefrog","United States of America","MA","Norfolk","Needham","42.283431","-71.232833","GNIS","Approximate","Charles","01090001","1991","1","","collected","found in a shipment of plants","Literature","Needham Science Center","","Freshwater","704","Book","1993","Cardoza, J.E., G.S. Jones, T.W. French, and D.B. Halliwell.","Exotic and translocated vertebrates of Massachusetts. Fauna of Massachusetts Series No. 6.","Massachusetts Division of Fisheries and Wildlife","Westborough, MA","","","","","","","","","","","","","","","","","","","","","","","","","","","","","","","","","","",""
"156084","53","Amphibians-Frogs","Hylidae","Hyla cinerea","Green Treefrog","United States of America","MO","Camden","private fish farm in Camden County","38.086511","-92.769807","US Census Bureau","Centroid","Niangua","10290110","1982","","","established","","Literature","","","Freshwater","13337","Book","1987","Johnson, T.R.","The Amphibians and Reptiles of Missouri.","Missouri Department of Conservation, Comservation Commission of the State of Missouri, Jefferson City.","","","","","","","","","","","","","","","","","","","","","","","","","","","","","","","","","","","",""
"1616588","53","Amphibians-Frogs","Hylidae","Hyla cinerea","Green Treefrog","United States of America","NC","Alamance","[No locality description provided]","36.04414","-79.3071","reported","Accurate","Haw","03030002","2018","10","2","established","<a href = https://www.inaturalist.org/observations/17130704 target = _blank >iNaturalist observation ID 17130704</a>","Literature","","","Freshwater","25944","Database","2019","Ueda, K., J. Belmonte, A. Shepard, P. Leary, and S. Loarie.","iNaturalist.org","California Academy of Sciences","San Francisco, CA","","","","","","","","","","","","","","","","","","","","","","","","","","","","","","","","","","",""
"1616659","53","Amphibians-Frogs","Hylidae","Hyla cinerea","Green Treefrog","United States of America","NC","Alamance","[No locality description provided]","36.08323","-79.48464","reported","Accurate","Haw","03030002","2019","5","1","established","<a href = https://www.inaturalist.org/observations/24338405 target = _blank >iNaturalist observation ID 24338405</a>","Literature","","","Freshwater","25944","Database","2019","Ueda, K., J. Belmonte, A. Shepard, P. Leary, and S. Loarie.","iNaturalist.org","California Academy of Sciences","San Francisco, CA","","","","","","","","","","","","","","","","","","","","","","","","","","","","","","","","","","",""
"1616604","53","Amphibians-Frogs","Hylidae","Hyla cinerea","Green Treefrog","United States of America","NC","Cabarrus","[No locality description provided]","35.362","-80.61674","reported","Accurate","Rocky","03040105","2018","10","19","established","<a href = https://www.inaturalist.org/observations/18418265 target = _blank >iNaturalist observation ID 18418265</a>","Literature","","","Freshwater","25944","Database","2019","Ueda, K., J. Belmonte, A. Shepard, P. Leary, and S. Loarie.","iNaturalist.org","California Academy of Sciences","San Francisco, CA","","","","","","","","","","","","","","","","","","","","","","","","","","","","","","","","","","",""
"1613872","53","Amphibians-Frogs","Hylidae","Hyla cinerea","Green Treefrog","United States of America","NC","Cabarrus","[No locality description provided]","35.46248","-80.49223","reported","Accurate","Rocky","03040105","2015","5","27","established","<a href = https://www.inaturalist.org/observations/2417090 target = _blank >iNaturalist observation ID 2417090</a>","Literature","","","Freshwater","25944","Database","2019","Ueda, K., J. Belmonte, A. Shepard, P. Leary, and S. Loarie.","iNaturalist.org","California Academy of Sciences","San Francisco, CA","","","","","","","","","","","","","","","","","","","","","","","","","","","","","","","","","","",""
"1613880","53","Amphibians-Frogs","Hylidae","Hyla cinerea","Green Treefrog","United States of America","NC","Cabarrus","[No locality description provided]","35.30901","-80.58763","reported","Accurate","Rocky","03040105","2016","9","26","established","<a href = https://www.inaturalist.org/observations/4206996 target = _blank >iNaturalist observation ID 4206996</a>","Literature","","","Freshwater","25944","Database","2019","Ueda, K., J. Belmonte, A. Shepard, P. Leary, and S. Loarie.","iNaturalist.org","California Academy of Sciences","San Francisco, CA","","","","","","","","","","","","","","","","","","","","","","","","","","","","","","","","","","",""
"1616460","53","Amphibians-Frogs","Hylidae","Hyla cinerea","Green Treefrog","United States of America","NC","Cabarrus","[No locality description provided]","35.30739","-80.61057","reported","Accurate","Rocky","03040105","2017","6","14","established","<a href = https://www.inaturalist.org/observations/6663678 target = _blank >iNaturalist observation ID 6663678</a>","Literature","","","Freshwater","25944","Database","2019","Ueda, K., J. Belmonte, A. Shepard, P. Leary, and S. Loarie.","iNaturalist.org","California Academy of Sciences","San Francisco, CA","","","","","","","","","","","","","","","","","","","","","","","","","","","","","","","","","","",""
"1616482","53","Amphibians-Frogs","Hylidae","Hyla cinerea","Green Treefrog","United States of America","NC","Cabarrus","[No locality description provided]","35.40724","-80.57626","reported","Accurate","Rocky","03040105","2017","9","19","established","<a href = https://www.inaturalist.org/observations/8018450 target = _blank >iNaturalist observation ID 8018450</a>","Literature","","","Freshwater","25944","Database","2019","Ueda, K., J. Belmonte, A. Shepard, P. Leary, and S. Loarie.","iNaturalist.org","California Academy of Sciences","San Francisco, CA","","","","","","","","","","","","","","","","","","","","","","","","","","","","","","","","","","",""
"1616485","53","Amphibians-Frogs","Hylidae","Hyla cinerea","Green Treefrog","United States of America","NC","Cabarrus","[No locality description provided]","35.23832","-80.51568","reported","Accurate","Rocky","03040105","2017","7","10","established","<a href = https://www.inaturalist.org/observations/8268338 target = _blank >iNaturalist observation ID 8268338</a>","Literature","","","Freshwater","25944","Database","2019","Ueda, K., J. Belmonte, A. Shepard, P. Leary, and S. Loarie.","iNaturalist.org","California Academy of Sciences","San Francisco, CA","","","","","","","","","","","","","","","","","","","","","","","","","","","","","","","","","","",""
"1616501","53","Amphibians-Frogs","Hylidae","Hyla cinerea","Green Treefrog","United States of America","NC","Cabarrus","[No locality description provided]","35.36183","-80.62617","reported","Accurate","Rocky","03040105","2014","5","15","established","<a href = https://www.inaturalist.org/observations/9921837 target = _blank >iNaturalist observation ID 9921837</a>","Literature","","","Freshwater","25944","Database","2019","Ueda, K., J. Belmonte, A. Shepard, P. Leary, and S. Loarie.","iNaturalist.org","California Academy of Sciences","San Francisco, CA","","","","","","","","","","","","","","","","","","","","","","","","","","","","","","","","","","",""
"1616503","53","Amphibians-Frogs","Hylidae","Hyla cinerea","Green Treefrog","United States of America","NC","Cabarrus","[No locality description provided]","35.3619","-80.61646","reported","Accurate","Rocky","03040105","2016","4","1","established","<a href = https://www.inaturalist.org/observations/9937008 target = _blank >iNaturalist observation ID 9937008</a>","Literature","","","Freshwater","25944","Database","2019","Ueda, K., J. Belmonte, A. Shepard, P. Leary, and S. Loarie.","iNaturalist.org","California Academy of Sciences","San Francisco, CA","","","","","","","","","","","","","","","","","","","","","","","","","","","","","","","","","","",""
"1616505","53","Amphibians-Frogs","Hylidae","Hyla cinerea","Green Treefrog","United States of America","NC","Cabarrus","[No locality description provided]","35.46148","-80.49503","reported","Accurate","Rocky","03040105","2015","8","14","established","<a href = https://www.inaturalist.org/observations/10008011 target = _blank >iNaturalist observation ID 10008011</a>","Literature","","","Freshwater","25944","Database","2019","Ueda, K., J. Belmonte, A. Shepard, P. Leary, and S. Loarie.","iNaturalist.org","California Academy of Sciences","San Francisco, CA","","","","","","","","","","","","","","","","","","","","","","","","","","","","","","","","","","",""
"1616506","53","Amphibians-Frogs","Hylidae","Hyla cinerea","Green Treefrog","United States of America","NC","Cabarrus","[No locality description provided]","35.4611","-80.49545","reported","Accurate","Rocky","03040105","2016","5","2","established","<a href = https://www.inaturalist.org/observations/10009330 target = _blank >iNaturalist observation ID 10009330</a>","Literature","","","Freshwater","25944","Database","2019","Ueda, K., J. Belmonte, A. Shepard, P. Leary, and S. Loarie.","iNaturalist.org","California Academy of Sciences","San Francisco, CA","","","","","","","","","","","","","","","","","","","","","","","","","","","","","","","","","","",""
"1613883","53","Amphibians-Frogs","Hylidae","Hyla cinerea","Green Treefrog","United States of America","NC","Chatham","[No locality description provided]","35.80133","-79.07854","reported","Accurate","Haw","03030002","2012","5","24","established","<a href = https://www.inaturalist.org/observations/4602550 target = _blank >iNaturalist observation ID 4602550</a>","Literature","","","Freshwater","25944","Database","2019","Ueda, K., J. Belmonte, A. Shepard, P. Leary, and S. Loarie.","iNaturalist.org","California Academy of Sciences","San Francisco, CA","","","","","","","","","","","","","","","","","","","","","","","","","","","","","","","","","","",""
"1616558","53","Amphibians-Frogs","Hylidae","Hyla cinerea","Green Treefrog","United States of America","NC","Chatham","[No locality description provided]","35.80046","-79.23232","reported","Accurate","Haw","03030002","2018","8","1","established","<a href = https://www.inaturalist.org/observations/15033169 target = _blank >iNaturalist observation ID 15033169</a>","Literature","","","Freshwater","25944","Database","2019","Ueda, K., J. Belmonte, A. Shepard, P. Leary, and S. Loarie.","iNaturalist.org","California Academy of Sciences","San Francisco, CA","","","","","","","","","","","","","","","","","","","","","","","","","","","","","","","","","","",""
"1616661","53","Amphibians-Frogs","Hylidae","Hyla cinerea","Green Treefrog","United States of America","NC","Chatham","[No locality description provided]","35.85168","-79.08004","reported","Accurate","Haw","03030002","2019","5","6","established","<a href = https://www.inaturalist.org/observations/24672752 target = _blank >iNaturalist observation ID 24672752</a>","Literature","","","Freshwater","25944","Database","2019","Ueda, K., J. Belmonte, A. Shepard, P. Leary, and S. Loarie.","iNaturalist.org","California Academy of Sciences","San Francisco, CA","","","","","","","","","","","","","","","","","","","","","","","","","","","","","","","","","","",""
"1616642","53","Amphibians-Frogs","Hylidae","Hyla cinerea","Green Treefrog","United States of America","NC","Chatham","[No locality description provided]","35.79906","-79.05283","reported","Accurate","Haw","03030002","2019","4","26","established","<a href = https://www.inaturalist.org/observations/23133691 target = _blank >iNaturalist observation ID 23133691</a>","Literature","","","Freshwater","25944","Database","2019","Ueda, K., J. Belmonte, A. Shepard, P. Leary, and S. Loarie.","iNaturalist.org","California Academy of Sciences","San Francisco, CA","","","","","","","","","","","","","","","","","","","","","","","","","","","","","","","","","","",""
"1419142","53","Amphibians-Frogs","Hylidae","Hyla cinerea","Green Treefrog","United States of America","NC","Davidson","Four Mile Branch- on a residential front porch","35.70613","-80.15336","reported","Accurate","Lower Yadkin","03040103","2017","10","12","unknown","Two observed this year and one individual was observed last October (2016).","NAS sighting report","","","Freshwater","","","","","","","","","","","","","","","","","","","","","","","","","","","","","","","","","","","","","","","","","",""
"1613873","53","Amphibians-Frogs","Hylidae","Hyla cinerea","Green Treefrog","United States of America","NC","Durham","[No locality description provided]","35.9182","-78.97954","reported","Accurate","Haw","03030002","2016","4","23","established","<a href = https://www.inaturalist.org/observations/3020905 target = _blank >iNaturalist observation ID 3020905</a>","Literature","","","Freshwater","25944","Database","2019","Ueda, K., J. Belmonte, A. Shepard, P. Leary, and S. Loarie.","iNaturalist.org","California Academy of Sciences","San Francisco, CA","","","","","","","","","","","","","","","","","","","","","","","","","","","","","","","","","","",""
"1613865","53","Amphibians-Frogs","Hylidae","Hyla cinerea","Green Treefrog","United States of America","NC","Durham","[No locality description provided]","35.92862","-78.96614","reported","Accurate","Haw","03030002","2013","6","27","established","<a href = https://www.inaturalist.org/observations/313904 target = _blank >iNaturalist observation ID 313904</a>","Literature","","","Freshwater","25944","Database","2019","Ueda, K., J. Belmonte, A. Shepard, P. Leary, and S. Loarie.","iNaturalist.org","California Academy of Sciences","San Francisco, CA","","","","","","","","","","","","","","","","","","","","","","","","","","","","","","","","","","",""
"1616536","53","Amphibians-Frogs","Hylidae","Hyla cinerea","Green Treefrog","United States of America","NC","Durham","[No locality description provided]","35.96889","-78.96389","reported","Accurate","Haw","03030002","2018","6","6","established","<a href = https://www.inaturalist.org/observations/13181813 target = _blank >iNaturalist observation ID 13181813</a>","Literature","","","Freshwater","25944","Database","2019","Ueda, K., J. Belmonte, A. Shepard, P. Leary, and S. Loarie.","iNaturalist.org","California Academy of Sciences","San Francisco, CA","","","","","","","","","","","","","","","","","","","","","","","","","","","","","","","","","","",""
"1616539","53","Amphibians-Frogs","Hylidae","Hyla cinerea","Green Treefrog","United States of America","NC","Durham","[No locality description provided]","35.96917","-78.96389","reported","Accurate","Haw","03030002","2018","6","11","established","<a href = https://www.inaturalist.org/observations/13338247 target = _blank >iNaturalist observation ID 13338247</a>","Literature","","","Freshwater","25944","Database","2019","Ueda, K., J. Belmonte, A. Shepard, P. Leary, and S. Loarie.","iNaturalist.org","California Academy of Sciences","San Francisco, CA","","","","","","","","","","","","","","","","","","","","","","","","","","","","","","","","","","",""
"1616577","53","Amphibians-Frogs","Hylidae","Hyla cinerea","Green Treefrog","United States of America","NC","Durham","[No locality description provided]","35.96944","-78.96361","reported","Accurate","Haw","03030002","2018","9","12","established","<a href = https://www.inaturalist.org/observations/16477295 target = _blank >iNaturalist observation ID 16477295</a>","Literature","","","Freshwater","25944","Database","2019","Ueda, K., J. Belmonte, A. Shepard, P. Leary, and S. Loarie.","iNaturalist.org","California Academy of Sciences","San Francisco, CA","","","","","","","","","","","","","","","","","","","","","","","","","","","","","","","","","","",""
"1616579","53","Amphibians-Frogs","Hylidae","Hyla cinerea","Green Treefrog","United States of America","NC","Durham","[No locality description provided]","35.96917","-78.96389","reported","Accurate","Haw","03030002","2018","9","14","established","<a href = https://www.inaturalist.org/observations/16530663 target = _blank >iNaturalist observation ID 16530663</a>","Literature","","","Freshwater","25944","Database","2019","Ueda, K., J. Belmonte, A. Shepard, P. Leary, and S. Loarie.","iNaturalist.org","California Academy of Sciences","San Francisco, CA","","","","","","","","","","","","","","","","","","","","","","","","","","","","","","","","","","",""
"1616583","53","Amphibians-Frogs","Hylidae","Hyla cinerea","Green Treefrog","United States of America","NC","Durham","[No locality description provided]","35.96889","-78.96389","reported","Accurate","Haw","03030002","2018","9","17","established","<a href = https://www.inaturalist.org/observations/16653455 target = _blank >iNaturalist observation ID 16653455</a>","Literature","","","Freshwater","25944","Database","2019","Ueda, K., J. Belmonte, A. Shepard, P. Leary, and S. Loarie.","iNaturalist.org","California Academy of Sciences","San Francisco, CA","","","","","","","","","","","","","","","","","","","","","","","","","","","","","","","","","","",""
"1616584","53","Amphibians-Frogs","Hylidae","Hyla cinerea","Green Treefrog","United States of America","NC","Durham","[No locality description provided]","35.94079","-78.98776","reported","Accurate","Haw","03030002","2018","9","15","established","<a href = https://www.inaturalist.org/observations/16668508 target = _blank >iNaturalist observation ID 16668508</a>","Literature","","","Freshwater","25944","Database","2019","Ueda, K., J. Belmonte, A. Shepard, P. Leary, and S. Loarie.","iNaturalist.org","California Academy of Sciences","San Francisco, CA","","","","","","","","","","","","","","","","","","","","","","","","","","","","","","","","","","",""
"1613879","53","Amphibians-Frogs","Hylidae","Hyla cinerea","Green Treefrog","United States of America","NC","Durham","[No locality description provided]","35.92049","-78.93134","reported","Accurate","Haw","03030002","2016","7","7","established","<a href = https://www.inaturalist.org/observations/4062684 target = _blank >iNaturalist observation ID 4062684</a>","Literature","","","Freshwater","25944","Database","2019","Ueda, K., J. Belmonte, A. Shepard, P. Leary, and S. Loarie.","iNaturalist.org","California Academy of Sciences","San Francisco, CA","","","","","","","","","","","","","","","","","","","","","","","","","","","","","","","","","","",""
"1613882","53","Amphibians-Frogs","Hylidae","Hyla cinerea","Green Treefrog","United States of America","NC","Durham","[No locality description provided]","35.90462","-78.93603","reported","Accurate","Haw","03030002","2016","10","16","established","<a href = https://www.inaturalist.org/observations/4372147 target = _blank >iNaturalist observation ID 4372147</a>","Literature","","","Freshwater","25944","Database","2019","Ueda, K., J. Belmonte, A. Shepard, P. Leary, and S. Loarie.","iNaturalist.org","California Academy of Sciences","San Francisco, CA","","","","","","","","","","","","","","","","","","","","","","","","","","","","","","","","","","",""
"1616527","53","Amphibians-Frogs","Hylidae","Hyla cinerea","Green Treefrog","United States of America","NC","Durham","[No locality description provided]","35.96944","-78.96806","reported","Accurate","Haw","03030002","2018","5","21","established","<a href = https://www.inaturalist.org/observations/12681677 target = _blank >iNaturalist observation ID 12681677</a>","Literature","","","Freshwater","25944","Database","2019","Ueda, K., J. Belmonte, A. Shepard, P. Leary, and S. Loarie.","iNaturalist.org","California Academy of Sciences","San Francisco, CA","","","","","","","","","","","","","","","","","","","","","","","","","","","","","","","","","","",""
"1616478","53","Amphibians-Frogs","Hylidae","Hyla cinerea","Green Treefrog","United States of America","NC","Durham","[No locality description provided]","35.96926","-78.96405","reported","Accurate","Haw","03030002","2017","8","31","established","<a href = https://www.inaturalist.org/observations/7734699 target = _blank >iNaturalist observation ID 7734699</a>","Literature","","","Freshwater","25944","Database","2019","Ueda, K., J. Belmonte, A. Shepard, P. Leary, and S. Loarie.","iNaturalist.org","California Academy of Sciences","San Francisco, CA","","","","","","","","","","","","","","","","","","","","","","","","","","","","","","","","","","",""
"1616472","53","Amphibians-Frogs","Hylidae","Hyla cinerea","Green Treefrog","United States of America","NC","Durham","[No locality description provided]","35.96923","-78.96397","reported","Accurate","Haw","03030002","2017","8","9","established","<a href = https://www.inaturalist.org/observations/7430973 target = _blank >iNaturalist observation ID 7430973</a>","Literature","","","Freshwater","25944","Database","2019","Ueda, K., J. Belmonte, A. Shepard, P. Leary, and S. Loarie.","iNaturalist.org","California Academy of Sciences","San Francisco, CA","","","","","","","","","","","","","","","","","","","","","","","","","","","","","","","","","","",""
"1616544","53","Amphibians-Frogs","Hylidae","Hyla cinerea","Green Treefrog","United States of America","NC","Durham","[No locality description provided]","35.96917","-78.96389","reported","Accurate","Haw","03030002","2018","7","1","established","<a href = https://www.inaturalist.org/observations/13974034 target = _blank >iNaturalist observation ID 13974034</a>","Literature","","","Freshwater","25944","Database","2019","Ueda, K., J. Belmonte, A. Shepard, P. Leary, and S. Loarie.","iNaturalist.org","California Academy of Sciences","San Francisco, CA","","","","","","","","","","","","","","","","","","","","","","","","","","","","","","","","","","",""
"1616623","53","Amphibians-Frogs","Hylidae","Hyla cinerea","Green Treefrog","United States of America","NC","Durham","[No locality description provided]","35.88494","-78.90974","reported","Accurate","Haw","03030002","2016","8","6","established","<a href = https://www.inaturalist.org/observations/20859955 target = _blank >iNaturalist observation ID 20859955</a>","Literature","","","Freshwater","25944","Database","2019","Ueda, K., J. Belmonte, A. Shepard, P. Leary, and S. Loarie.","iNaturalist.org","California Academy of Sciences","San Francisco, CA","","","","","","","","","","","","","","","","","","","","","","","","","","","","","","","","","","",""
"1616592","53","Amphibians-Frogs","Hylidae","Hyla cinerea","Green Treefrog","United States of America","NC","Durham","[No locality description provided]","35.96917","-78.96389","reported","Accurate","Haw","03030002","2018","10","4","established","<a href = https://www.inaturalist.org/observations/17207577 target = _blank >iNaturalist observation ID 17207577</a>","Literature","","","Freshwater","25944","Database","2019","Ueda, K., J. Belmonte, A. Shepard, P. Leary, and S. Loarie.","iNaturalist.org","California Academy of Sciences","San Francisco, CA","","","","","","","","","","","","","","","","","","","","","","","","","","","","","","","","","","",""
"1616594","53","Amphibians-Frogs","Hylidae","Hyla cinerea","Green Treefrog","United States of America","NC","Durham","[No locality description provided]","35.88147","-78.9171","reported","Accurate","Haw","03030002","2018","10","9","established","<a href = https://www.inaturalist.org/observations/17363947 target = _blank >iNaturalist observation ID 17363947</a>","Literature","","","Freshwater","25944","Database","2019","Ueda, K., J. Belmonte, A. Shepard, P. Leary, and S. Loarie.","iNaturalist.org","California Academy of Sciences","San Francisco, CA","","","","","","","","","","","","","","","","","","","","","","","","","","","","","","","","","","",""
"1616566","53","Amphibians-Frogs","Hylidae","Hyla cinerea","Green Treefrog","United States of America","NC","Durham","[No locality description provided]","35.96861","-78.96416","reported","Accurate","Haw","03030002","2018","8","19","established","<a href = https://www.inaturalist.org/observations/15713997 target = _blank >iNaturalist observation ID 15713997</a>","Literature","","","Freshwater","25944","Database","2019","Ueda, K., J. Belmonte, A. Shepard, P. Leary, and S. Loarie.","iNaturalist.org","California Academy of Sciences","San Francisco, CA","","","","","","","","","","","","","","","","","","","","","","","","","","","","","","","","","","",""
"1616574","53","Amphibians-Frogs","Hylidae","Hyla cinerea","Green Treefrog","United States of America","NC","Durham","[No locality description provided]","35.96917","-78.96389","reported","Accurate","Haw","03030002","2018","9","9","established","<a href = https://www.inaturalist.org/observations/16377819 target = _blank >iNaturalist observation ID 16377819</a>","Literature","","","Freshwater","25944","Database","2019","Ueda, K., J. Belmonte, A. Shepard, P. Leary, and S. Loarie.","iNaturalist.org","California Academy of Sciences","San Francisco, CA","","","","","","","","","","","","","","","","","","","","","","","","","","","","","","","","","","",""
"1616562","53","Amphibians-Frogs","Hylidae","Hyla cinerea","Green Treefrog","United States of America","NC","Forsyth","[No locality description provided]","36.08522","-80.1231","reported","Accurate","Upper Yadkin","03040101","2018","5","27","established","<a href = https://www.inaturalist.org/observations/15196092 target = _blank >iNaturalist observation ID 15196092</a>","Literature","","","Freshwater","25944","Database","2019","Ueda, K., J. Belmonte, A. Shepard, P. Leary, and S. Loarie.","iNaturalist.org","California Academy of Sciences","San Francisco, CA","","","","","","","","","","","","","","","","","","","","","","","","","","","","","","","","","","",""
"1613878","53","Amphibians-Frogs","Hylidae","Hyla cinerea","Green Treefrog","United States of America","NC","Gaston","[No locality description provided]","35.37272","-80.95847","reported","Accurate","Upper Catawba","03050101","2015","8","30","established","<a href = https://www.inaturalist.org/observations/3864586 target = _blank >iNaturalist observation ID 3864586</a>","Literature","","","Freshwater","25944","Database","2019","Ueda, K., J. Belmonte, A. Shepard, P. Leary, and S. Loarie.","iNaturalist.org","California Academy of Sciences","San Francisco, CA","","","","","","","","","","","","","","","","","","","","","","","","","","","","","","","","","","",""
"1613874","53","Amphibians-Frogs","Hylidae","Hyla cinerea","Green Treefrog","United States of America","NC","Guilford","[No locality description provided]","36.10547","-79.87755","reported","Accurate","Haw","03030002","2016","6","17","established","<a href = https://www.inaturalist.org/observations/3471575 target = _blank >iNaturalist observation ID 3471575</a>","Literature","","","Freshwater","25944","Database","2019","Ueda, K., J. Belmonte, A. Shepard, P. Leary, and S. Loarie.","iNaturalist.org","California Academy of Sciences","San Francisco, CA","","","","","","","","","","","","","","","","","","","","","","","","","","","","","","","","","","",""
"1613866","53","Amphibians-Frogs","Hylidae","Hyla cinerea","Green Treefrog","United States of America","NC","Guilford","[No locality description provided]","36.10517","-79.87867","reported","Accurate","Haw","03030002","2013","11","2","established","<a href = https://www.inaturalist.org/observations/446556 target = _blank >iNaturalist observation ID 446556</a>","Literature","","","Freshwater","25944","Database","2019","Ueda, K., J. Belmonte, A. Shepard, P. Leary, and S. Loarie.","iNaturalist.org","California Academy of Sciences","San Francisco, CA","","","","","","","","","","","","","","","","","","","","","","","","","","","","","","","","","","",""
"1613871","53","Amphibians-Frogs","Hylidae","Hyla cinerea","Green Treefrog","United States of America","NC","Guilford","[No locality description provided]","36.10571","-79.87759","reported","Accurate","Haw","03030002","2015","11","5","established","<a href = https://www.inaturalist.org/observations/2353537 target = _blank >iNaturalist observation ID 2353537</a>","Literature","","","Freshwater","25944","Database","2019","Ueda, K., J. Belmonte, A. Shepard, P. Leary, and S. Loarie.","iNaturalist.org","California Academy of Sciences","San Francisco, CA","","","","","","","","","","","","","","","","","","","","","","","","","","","","","","","","","","",""
"1616540","53","Amphibians-Frogs","Hylidae","Hyla cinerea","Green Treefrog","United States of America","NC","Guilford","[No locality description provided]","36.09796","-79.90117","reported","Accurate","Haw","03030002","2018","6","13","established","<a href = https://www.inaturalist.org/observations/13412045 target = _blank >iNaturalist observation ID 13412045</a>","Literature","","","Freshwater","25944","Database","2019","Ueda, K., J. Belmonte, A. Shepard, P. Leary, and S. Loarie.","iNaturalist.org","California Academy of Sciences","San Francisco, CA","","","","","","","","","","","","","","","","","","","","","","","","","","","","","","","","","","",""
"1616535","53","Amphibians-Frogs","Hylidae","Hyla cinerea","Green Treefrog","United States of America","NC","Guilford","[No locality description provided]","36.03504","-79.96843","reported","Accurate","Deep","03030003","2018","6","3","established","<a href = https://www.inaturalist.org/observations/13119501 target = _blank >iNaturalist observation ID 13119501</a>","Literature","","","Freshwater","25944","Database","2019","Ueda, K., J. Belmonte, A. Shepard, P. Leary, and S. Loarie.","iNaturalist.org","California Academy of Sciences","San Francisco, CA","","","","","","","","","","","","","","","","","","","","","","","","","","","","","","","","","","",""
"1616699","53","Amphibians-Frogs","Hylidae","Hyla cinerea","Green Treefrog","United States of America","NC","Guilford","[No locality description provided]","35.99249","-79.87978","reported","Accurate","Deep","03030003","2019","6","11","established","<a href = https://www.inaturalist.org/observations/26798968 target = _blank >iNaturalist observation ID 26798968</a>","Literature","","","Freshwater","25944","Database","2019","Ueda, K., J. Belmonte, A. Shepard, P. Leary, and S. Loarie.","iNaturalist.org","California Academy of Sciences","San Francisco, CA","","","","","","","","","","","","","","","","","","","","","","","","","","","","","","","","","","",""
"1616711","53","Amphibians-Frogs","Hylidae","Hyla cinerea","Green Treefrog","United States of America","NC","Guilford","[No locality description provided]","36.07541","-79.56463","reported","Accurate","Haw","03030002","2019","7","1","established","<a href = https://www.inaturalist.org/observations/28016467 target = _blank >iNaturalist observation ID 28016467</a>","Literature","","","Freshwater","25944","Database","2019","Ueda, K., J. Belmonte, A. Shepard, P. Leary, and S. Loarie.","iNaturalist.org","California Academy of Sciences","San Francisco, CA","","","","","","","","","","","","","","","","","","","","","","","","","","","","","","","","","","",""
"1616712","53","Amphibians-Frogs","Hylidae","Hyla cinerea","Green Treefrog","United States of America","NC","Guilford","[No locality description provided]","36.13966","-79.95076","reported","Accurate","Haw","03030002","2019","7","4","established","<a href = https://www.inaturalist.org/observations/28229875 target = _blank >iNaturalist observation ID 28229875</a>","Literature","","","Freshwater","25944","Database","2019","Ueda, K., J. Belmonte, A. Shepard, P. Leary, and S. Loarie.","iNaturalist.org","California Academy of Sciences","San Francisco, CA","","","","","","","","","","","","","","","","","","","","","","","","","","","","","","","","","","",""
"1616676","53","Amphibians-Frogs","Hylidae","Hyla cinerea","Green Treefrog","United States of America","NC","Iredell","[No locality description provided]","35.58785","-80.90527","reported","Accurate","Upper Catawba","03050101","2019","5","18","established","<a href = https://www.inaturalist.org/observations/25310092 target = _blank >iNaturalist observation ID 25310092</a>","Literature","","","Freshwater","25944","Database","2019","Ueda, K., J. Belmonte, A. Shepard, P. Leary, and S. Loarie.","iNaturalist.org","California Academy of Sciences","San Francisco, CA","","","","","","","","","","","","","","","","","","","","","","","","","","","","","","","","","","",""
"1616678","53","Amphibians-Frogs","Hylidae","Hyla cinerea","Green Treefrog","United States of America","NC","Mecklenburg","[No locality description provided]","35.09642","-80.72974","reported","Accurate","Lower Catawba","03050103","2018","7","19","established","<a href = https://www.inaturalist.org/observations/25337170 target = _blank >iNaturalist observation ID 25337170</a>","Literature","","","Freshwater","25944","Database","2019","Ueda, K., J. Belmonte, A. Shepard, P. Leary, and S. Loarie.","iNaturalist.org","California Academy of Sciences","San Francisco, CA","","","","","","","","","","","","","","","","","","","","","","","","","","","","","","","","","","",""
"1616685","53","Amphibians-Frogs","Hylidae","Hyla cinerea","Green Treefrog","United States of America","NC","Mecklenburg","[No locality description provided]","35.32722","-80.73871","reported","Accurate","Rocky","03040105","2019","5","25","established","<a href = https://www.inaturalist.org/observations/25738859 target = _blank >iNaturalist observation ID 25738859</a>","Literature","","","Freshwater","25944","Database","2019","Ueda, K., J. Belmonte, A. Shepard, P. Leary, and S. Loarie.","iNaturalist.org","California Academy of Sciences","San Francisco, CA","","","","","","","","","","","","","","","","","","","","","","","","","","","","","","","","","","",""
"1616643","53","Amphibians-Frogs","Hylidae","Hyla cinerea","Green Treefrog","United States of America","NC","Mecklenburg","[No locality description provided]","35.35687","-80.80666","reported","Accurate","Rocky","03040105","2019","4","16","established","<a href = https://www.inaturalist.org/observations/23213320 target = _blank >iNaturalist observation ID 23213320</a>","Literature","","","Freshwater","25944","Database","2019","Ueda, K., J. Belmonte, A. Shepard, P. Leary, and S. Loarie.","iNaturalist.org","California Academy of Sciences","San Francisco, CA","","","","","","","","","","","","","","","","","","","","","","","","","","","","","","","","","","",""
"1616707","53","Amphibians-Frogs","Hylidae","Hyla cinerea","Green Treefrog","United States of America","NC","Mecklenburg","[No locality description provided]","35.27201","-80.96161","reported","Accurate","Upper Catawba","03050101","2015","9","30","established","<a href = https://www.inaturalist.org/observations/27566700 target = _blank >iNaturalist observation ID 27566700</a>","Literature","","","Freshwater","25944","Database","2019","Ueda, K., J. Belmonte, A. Shepard, P. Leary, and S. Loarie.","iNaturalist.org","California Academy of Sciences","San Francisco, CA","","","","","","","","","","","","","","","","","","","","","","","","","","","","","","","","","","",""
"1616708","53","Amphibians-Frogs","Hylidae","Hyla cinerea","Green Treefrog","United States of America","NC","Mecklenburg","[No locality description provided]","35.27529","-80.95873","reported","Accurate","Upper Catawba","03050101","2018","9","27","established","<a href = https://www.inaturalist.org/observations/27583240 target = _blank >iNaturalist observation ID 27583240</a>","Literature","","","Freshwater","25944","Database","2019","Ueda, K., J. Belmonte, A. Shepard, P. Leary, and S. Loarie.","iNaturalist.org","California Academy of Sciences","San Francisco, CA","","","","","","","","","","","","","","","","","","","","","","","","","","","","","","","","","","",""
"1616596","53","Amphibians-Frogs","Hylidae","Hyla cinerea","Green Treefrog","United States of America","NC","Mecklenburg","[No locality description provided]","35.00785","-80.83146","reported","Accurate","Lower Catawba","03050103","2018","10","13","established","<a href = https://www.inaturalist.org/observations/17633326 target = _blank >iNaturalist observation ID 17633326</a>","Literature","","","Freshwater","25944","Database","2019","Ueda, K., J. Belmonte, A. Shepard, P. Leary, and S. Loarie.","iNaturalist.org","California Academy of Sciences","San Francisco, CA","","","","","","","","","","","","","","","","","","","","","","","","","","","","","","","","","","",""
"1616530","53","Amphibians-Frogs","Hylidae","Hyla cinerea","Green Treefrog","United States of America","NC","Mecklenburg","[No locality description provided]","35.231","-80.70058","reported","Accurate","Rocky","03040105","2017","9","24","established","<a href = https://www.inaturalist.org/observations/12853553 target = _blank >iNaturalist observation ID 12853553</a>","Literature","","","Freshwater","25944","Database","2019","Ueda, K., J. Belmonte, A. Shepard, P. Leary, and S. Loarie.","iNaturalist.org","California Academy of Sciences","San Francisco, CA","","","","","","","","","","","","","","","","","","","","","","","","","","","","","","","","","","",""
"1616531","53","Amphibians-Frogs","Hylidae","Hyla cinerea","Green Treefrog","United States of America","NC","Mecklenburg","[No locality description provided]","35.231","-80.70058","reported","Accurate","Rocky","03040105","2017","9","24","established","<a href = https://www.inaturalist.org/observations/12853554 target = _blank >iNaturalist observation ID 12853554</a>","Literature","","","Freshwater","25944","Database","2019","Ueda, K., J. Belmonte, A. Shepard, P. Leary, and S. Loarie.","iNaturalist.org","California Academy of Sciences","San Francisco, CA","","","","","","","","","","","","","","","","","","","","","","","","","","","","","","","","","","",""
"1616523","53","Amphibians-Frogs","Hylidae","Hyla cinerea","Green Treefrog","United States of America","NC","Mecklenburg","[No locality description provided]","35.35346","-80.91288","reported","Accurate","Upper Catawba","03050101","2018","5","13","established","<a href = https://www.inaturalist.org/observations/12487007 target = _blank >iNaturalist observation ID 12487007</a>","Literature","","","Freshwater","25944","Database","2019","Ueda, K., J. Belmonte, A. Shepard, P. Leary, and S. Loarie.","iNaturalist.org","California Academy of Sciences","San Francisco, CA","","","","","","","","","","","","","","","","","","","","","","","","","","","","","","","","","","",""
"1616564","53","Amphibians-Frogs","Hylidae","Hyla cinerea","Green Treefrog","United States of America","NC","Mecklenburg","[No locality description provided]","35.21551","-80.81926","reported","Accurate","Lower Catawba","03050103","2018","6","18","established","<a href = https://www.inaturalist.org/observations/15355540 target = _blank >iNaturalist observation ID 15355540</a>","Literature","","","Freshwater","25944","Database","2019","Ueda, K., J. Belmonte, A. Shepard, P. Leary, and S. Loarie.","iNaturalist.org","California Academy of Sciences","San Francisco, CA","","","","","","","","","","","","","","","","","","","","","","","","","","","","","","","","","","",""
"1616585","53","Amphibians-Frogs","Hylidae","Hyla cinerea","Green Treefrog","United States of America","NC","Mecklenburg","[No locality description provided]","35.26152","-80.71931","reported","Accurate","Rocky","03040105","2018","9","25","established","<a href = https://www.inaturalist.org/observations/16959284 target = _blank >iNaturalist observation ID 16959284</a>","Literature","","","Freshwater","25944","Database","2019","Ueda, K., J. Belmonte, A. Shepard, P. Leary, and S. Loarie.","iNaturalist.org","California Academy of Sciences","San Francisco, CA","","","","","","","","","","","","","","","","","","","","","","","","","","","","","","","","","","",""
"1616474","53","Amphibians-Frogs","Hylidae","Hyla cinerea","Green Treefrog","United States of America","NC","Mecklenburg","[No locality description provided]","35.45395","-80.77316","reported","Accurate","Rocky","03040105","2017","8","12","established","<a href = https://www.inaturalist.org/observations/7501184 target = _blank >iNaturalist observation ID 7501184</a>","Literature","","","Freshwater","25944","Database","2019","Ueda, K., J. Belmonte, A. Shepard, P. Leary, and S. Loarie.","iNaturalist.org","California Academy of Sciences","San Francisco, CA","","","","","","","","","","","","","","","","","","","","","","","","","","","","","","","","","","",""
"1616476","53","Amphibians-Frogs","Hylidae","Hyla cinerea","Green Treefrog","United States of America","NC","Mecklenburg","[No locality description provided]","35.07153","-80.75859","reported","Accurate","Lower Catawba","03050103","2005","4","7","established","<a href = https://www.inaturalist.org/observations/7612031 target = _blank >iNaturalist observation ID 7612031</a>","Literature","","","Freshwater","25944","Database","2019","Ueda, K., J. Belmonte, A. Shepard, P. Leary, and S. Loarie.","iNaturalist.org","California Academy of Sciences","San Francisco, CA","","","","","","","","","","","","","","","","","","","","","","","","","","","","","","","","","","",""
"1616477","53","Amphibians-Frogs","Hylidae","Hyla cinerea","Green Treefrog","United States of America","NC","Mecklenburg","[No locality description provided]","35.15313","-80.67269","reported","Accurate","Rocky","03040105","2017","8","30","established","<a href = https://www.inaturalist.org/observations/7718782 target = _blank >iNaturalist observation ID 7718782</a>","Literature","","","Freshwater","25944","Database","2019","Ueda, K., J. Belmonte, A. Shepard, P. Leary, and S. Loarie.","iNaturalist.org","California Academy of Sciences","San Francisco, CA","","","","","","","","","","","","","","","","","","","","","","","","","","","","","","","","","","",""
"1613884","53","Amphibians-Frogs","Hylidae","Hyla cinerea","Green Treefrog","United States of America","NC","Mecklenburg","[No locality description provided]","35.38512","-80.91026","reported","Accurate","Upper Catawba","03050101","2010","5","30","established","<a href = https://www.inaturalist.org/observations/4681239 target = _blank >iNaturalist observation ID 4681239</a>","Literature","","","Freshwater","25944","Database","2019","Ueda, K., J. Belmonte, A. Shepard, P. Leary, and S. Loarie.","iNaturalist.org","California Academy of Sciences","San Francisco, CA","","","","","","","","","","","","","","","","","","","","","","","","","","","","","","","","","","",""
"1613885","53","Amphibians-Frogs","Hylidae","Hyla cinerea","Green Treefrog","United States of America","NC","Mecklenburg","[No locality description provided]","35.38079","-80.93968","reported","Accurate","Upper Catawba","03050101","2017","2","8","established","<a href = https://www.inaturalist.org/observations/5076910 target = _blank >iNaturalist observation ID 5076910</a>","Literature","","","Freshwater","25944","Database","2019","Ueda, K., J. Belmonte, A. Shepard, P. Leary, and S. Loarie.","iNaturalist.org","California Academy of Sciences","San Francisco, CA","","","","","","","","","","","","","","","","","","","","","","","","","","","","","","","","","","",""
"1613886","53","Amphibians-Frogs","Hylidae","Hyla cinerea","Green Treefrog","United States of America","NC","Mecklenburg","[No locality description provided]","35.37705","-80.94666","reported","Accurate","Upper Catawba","03050101","2017","3","30","established","<a href = https://www.inaturalist.org/observations/5511622 target = _blank >iNaturalist observation ID 5511622</a>","Literature","","","Freshwater","25944","Database","2019","Ueda, K., J. Belmonte, A. Shepard, P. Leary, and S. Loarie.","iNaturalist.org","California Academy of Sciences","San Francisco, CA","","","","","","","","","","","","","","","","","","","","","","","","","","","","","","","","","","",""
"1616489","53","Amphibians-Frogs","Hylidae","Hyla cinerea","Green Treefrog","United States of America","NC","Mecklenburg","[No locality description provided]","35.3916","-80.76804","reported","Accurate","Rocky","03040105","2017","8","20","established","<a href = https://www.inaturalist.org/observations/8513820 target = _blank >iNaturalist observation ID 8513820</a>","Literature","","","Freshwater","25944","Database","2019","Ueda, K., J. Belmonte, A. Shepard, P. Leary, and S. Loarie.","iNaturalist.org","California Academy of Sciences","San Francisco, CA","","","","","","","","","","","","","","","","","","","","","","","","","","","","","","","","","","",""
"1463656","53","Amphibians-Frogs","Hylidae","Hyla cinerea","Green Treefrog","United States of America","NC","Mecklenburg","Apartment complex near Pineville-Matthews Road","35.08765","-80.8146","reported","Accurate","Lower Catawba","03050103","2018","5","28","unknown","","NAS sighting report","","","Freshwater","","","","","","","","","","","","","","","","","","","","","","","","","","","","","","","","","","","","","","","","","",""
"1613877","53","Amphibians-Frogs","Hylidae","Hyla cinerea","Green Treefrog","United States of America","NC","Mecklenburg","[No locality description provided]","35.42643","-80.88699","reported","Accurate","Upper Catawba","03050101","2012","10","28","established","<a href = https://www.inaturalist.org/observations/3857479 target = _blank >iNaturalist observation ID 3857479</a>","Literature","","","Freshwater","25944","Database","2019","Ueda, K., J. Belmonte, A. Shepard, P. Leary, and S. Loarie.","iNaturalist.org","California Academy of Sciences","San Francisco, CA","","","","","","","","","","","","","","","","","","","","","","","","","","","","","","","","","","",""
"1613881","53","Amphibians-Frogs","Hylidae","Hyla cinerea","Green Treefrog","United States of America","NC","Mecklenburg","[No locality description provided]","35.38506","-80.91011","reported","Accurate","Upper Catawba","03050101","2014","8","29","established","<a href = https://www.inaturalist.org/observations/4264656 target = _blank >iNaturalist observation ID 4264656</a>","Literature","","","Freshwater","25944","Database","2019","Ueda, K., J. Belmonte, A. Shepard, P. Leary, and S. Loarie.","iNaturalist.org","California Academy of Sciences","San Francisco, CA","","","","","","","","","","","","","","","","","","","","","","","","","","","","","","","","","","",""
"1613867","53","Amphibians-Frogs","Hylidae","Hyla cinerea","Green Treefrog","United States of America","NC","Orange","[No locality description provided]","35.93779","-79.01136","reported","Accurate","Haw","03030002","2014","1","16","established","<a href = https://www.inaturalist.org/observations/502974 target = _blank >iNaturalist observation ID 502974</a>","Literature","","","Freshwater","25944","Database","2019","Ueda, K., J. Belmonte, A. Shepard, P. Leary, and S. Loarie.","iNaturalist.org","California Academy of Sciences","San Francisco, CA","","","","","","","","","","","","","","","","","","","","","","","","","","","","","","","","","","",""
"1613868","53","Amphibians-Frogs","Hylidae","Hyla cinerea","Green Treefrog","United States of America","NC","Orange","[No locality description provided]","35.92694","-79.01354","reported","Accurate","Haw","03030002","2014","3","29","established","<a href = https://www.inaturalist.org/observations/606491 target = _blank >iNaturalist observation ID 606491</a>","Literature","","","Freshwater","25944","Database","2019","Ueda, K., J. Belmonte, A. Shepard, P. Leary, and S. Loarie.","iNaturalist.org","California Academy of Sciences","San Francisco, CA","","","","","","","","","","","","","","","","","","","","","","","","","","","","","","","","","","",""
"1613869","53","Amphibians-Frogs","Hylidae","Hyla cinerea","Green Treefrog","United States of America","NC","Orange","[No locality description provided]","35.92292","-79.01482","reported","Accurate","Haw","03030002","2014","6","2","established","<a href = https://www.inaturalist.org/observations/717230 target = _blank >iNaturalist observation ID 717230</a>","Literature","","","Freshwater","25944","Database","2019","Ueda, K., J. Belmonte, A. Shepard, P. Leary, and S. Loarie.","iNaturalist.org","California Academy of Sciences","San Francisco, CA","","","","","","","","","","","","","","","","","","","","","","","","","","","","","","","","","","",""
"1613870","53","Amphibians-Frogs","Hylidae","Hyla cinerea","Green Treefrog","United States of America","NC","Orange","[No locality description provided]","35.88804","-79.07261","reported","Accurate","Haw","03030002","2014","6","4","established","<a href = https://www.inaturalist.org/observations/719875 target = _blank >iNaturalist observation ID 719875</a>","Literature","","","Freshwater","25944","Database","2019","Ueda, K., J. Belmonte, A. Shepard, P. Leary, and S. Loarie.","iNaturalist.org","California Academy of Sciences","San Francisco, CA","","","","","","","","","","","","","","","","","","","","","","","","","","","","","","","","","","",""
"1616490","53","Amphibians-Frogs","Hylidae","Hyla cinerea","Green Treefrog","United States of America","NC","Orange","[No locality description provided]","35.87674","-79.03723","reported","Accurate","Haw","03030002","2017","11","4","established","<a href = https://www.inaturalist.org/observations/8685211 target = _blank >iNaturalist observation ID 8685211</a>","Literature","","","Freshwater","25944","Database","2019","Ueda, K., J. Belmonte, A. Shepard, P. Leary, and S. Loarie.","iNaturalist.org","California Academy of Sciences","San Francisco, CA","","","","","","","","","","","","","","","","","","","","","","","","","","","","","","","","","","",""
"1616526","53","Amphibians-Frogs","Hylidae","Hyla cinerea","Green Treefrog","United States of America","NC","Orange","[No locality description provided]","35.89929","-79.03289","reported","Accurate","Haw","03030002","2018","5","20","established","<a href = https://www.inaturalist.org/observations/12646287 target = _blank >iNaturalist observation ID 12646287</a>","Literature","","","Freshwater","25944","Database","2019","Ueda, K., J. Belmonte, A. Shepard, P. Leary, and S. Loarie.","iNaturalist.org","California Academy of Sciences","San Francisco, CA","","","","","","","","","","","","","","","","","","","","","","","","","","","","","","","","","","",""
"1616640","53","Amphibians-Frogs","Hylidae","Hyla cinerea","Green Treefrog","United States of America","NC","Orange","[No locality description provided]","35.93586","-79.02007","reported","Accurate","Haw","03030002","2019","4","21","established","<a href = https://www.inaturalist.org/observations/22839752 target = _blank >iNaturalist observation ID 22839752</a>","Literature","","","Freshwater","25944","Database","2019","Ueda, K., J. Belmonte, A. Shepard, P. Leary, and S. Loarie.","iNaturalist.org","California Academy of Sciences","San Francisco, CA","","","","","","","","","","","","","","","","","","","","","","","","","","","","","","","","","","",""
"1616698","53","Amphibians-Frogs","Hylidae","Hyla cinerea","Green Treefrog","United States of America","NC","Orange","[No locality description provided]","35.87808","-79.1502","reported","Accurate","Haw","03030002","2017","4","29","established","<a href = https://www.inaturalist.org/observations/26772310 target = _blank >iNaturalist observation ID 26772310</a>","Literature","","","Freshwater","25944","Database","2019","Ueda, K., J. Belmonte, A. Shepard, P. Leary, and S. Loarie.","iNaturalist.org","California Academy of Sciences","San Francisco, CA","","","","","","","","","","","","","","","","","","","","","","","","","","","","","","","","","","",""
"1616690","53","Amphibians-Frogs","Hylidae","Hyla cinerea","Green Treefrog","United States of America","NC","Orange","[No locality description provided]","35.95489","-79.01694","reported","Accurate","Haw","03030002","2019","5","30","established","<a href = https://www.inaturalist.org/observations/26091359 target = _blank >iNaturalist observation ID 26091359</a>","Literature","","","Freshwater","25944","Database","2019","Ueda, K., J. Belmonte, A. Shepard, P. Leary, and S. Loarie.","iNaturalist.org","California Academy of Sciences","San Francisco, CA","","","","","","","","","","","","","","","","","","","","","","","","","","","","","","","","","","",""
"1616688","53","Amphibians-Frogs","Hylidae","Hyla cinerea","Green Treefrog","United States of America","NC","Orange","[No locality description provided]","35.92713","-79.02277","reported","Accurate","Haw","03030002","2019","4","29","established","<a href = https://www.inaturalist.org/observations/25892231 target = _blank >iNaturalist observation ID 25892231</a>","Literature","","","Freshwater","25944","Database","2019","Ueda, K., J. Belmonte, A. Shepard, P. Leary, and S. Loarie.","iNaturalist.org","California Academy of Sciences","San Francisco, CA","","","","","","","","","","","","","","","","","","","","","","","","","","","","","","","","","","",""
"1616693","53","Amphibians-Frogs","Hylidae","Hyla cinerea","Green Treefrog","United States of America","NC","Randolph","[No locality description provided]","35.62719","-79.75537","reported","Accurate","Deep","03030003","2019","6","8","established","<a href = https://www.inaturalist.org/observations/26611687 target = _blank >iNaturalist observation ID 26611687</a>","Literature","","","Freshwater","25944","Database","2019","Ueda, K., J. Belmonte, A. Shepard, P. Leary, and S. Loarie.","iNaturalist.org","California Academy of Sciences","San Francisco, CA","","","","","","","","","","","","","","","","","","","","","","","","","","","","","","","","","","",""
"1616694","53","Amphibians-Frogs","Hylidae","Hyla cinerea","Green Treefrog","United States of America","NC","Randolph","[No locality description provided]","35.62757","-79.75516","reported","Accurate","Deep","03030003","2019","6","8","established","<a href = https://www.inaturalist.org/observations/26634968 target = _blank >iNaturalist observation ID 26634968</a>","Literature","","","Freshwater","25944","Database","2019","Ueda, K., J. Belmonte, A. Shepard, P. Leary, and S. Loarie.","iNaturalist.org","California Academy of Sciences","San Francisco, CA","","","","","","","","","","","","","","","","","","","","","","","","","","","","","","","","","","",""
"1616703","53","Amphibians-Frogs","Hylidae","Hyla cinerea","Green Treefrog","United States of America","NC","Randolph","[No locality description provided]","35.6308","-79.76221","reported","Accurate","Deep","03030003","2019","6","19","established","<a href = https://www.inaturalist.org/observations/27327534 target = _blank >iNaturalist observation ID 27327534</a>","Literature","","","Freshwater","25944","Database","2019","Ueda, K., J. Belmonte, A. Shepard, P. Leary, and S. Loarie.","iNaturalist.org","California Academy of Sciences","San Francisco, CA","","","","","","","","","","","","","","","","","","","","","","","","","","","","","","","","","","",""
"1616706","53","Amphibians-Frogs","Hylidae","Hyla cinerea","Green Treefrog","United States of America","NC","Randolph","[No locality description provided]","35.63027","-79.7617","reported","Accurate","Deep","03030003","2019","6","23","established","<a href = https://www.inaturalist.org/observations/27499100 target = _blank >iNaturalist observation ID 27499100</a>","Literature","","","Freshwater","25944","Database","2019","Ueda, K., J. Belmonte, A. Shepard, P. Leary, and S. Loarie.","iNaturalist.org","California Academy of Sciences","San Francisco, CA","","","","","","","","","","","","","","","","","","","","","","","","","","","","","","","","","","",""
"1616663","53","Amphibians-Frogs","Hylidae","Hyla cinerea","Green Treefrog","United States of America","NC","Randolph","[No locality description provided]","35.63103","-79.76237","reported","Accurate","Deep","03030003","2019","5","8","established","<a href = https://www.inaturalist.org/observations/24785899 target = _blank >iNaturalist observation ID 24785899</a>","Literature","","","Freshwater","25944","Database","2019","Ueda, K., J. Belmonte, A. Shepard, P. Leary, and S. Loarie.","iNaturalist.org","California Academy of Sciences","San Francisco, CA","","","","","","","","","","","","","","","","","","","","","","","","","","","","","","","","","","",""
"1616664","53","Amphibians-Frogs","Hylidae","Hyla cinerea","Green Treefrog","United States of America","NC","Randolph","[No locality description provided]","35.63669","-79.76753","reported","Accurate","Deep","03030003","2019","5","8","established","<a href = https://www.inaturalist.org/observations/24791393 target = _blank >iNaturalist observation ID 24791393</a>","Literature","","","Freshwater","25944","Database","2019","Ueda, K., J. Belmonte, A. Shepard, P. Leary, and S. Loarie.","iNaturalist.org","California Academy of Sciences","San Francisco, CA","","","","","","","","","","","","","","","","","","","","","","","","","","","","","","","","","","",""
"1616673","53","Amphibians-Frogs","Hylidae","Hyla cinerea","Green Treefrog","United States of America","NC","Randolph","[No locality description provided]","35.63155","-79.76433","reported","Accurate","Deep","03030003","2019","5","13","established","<a href = https://www.inaturalist.org/observations/25061561 target = _blank >iNaturalist observation ID 25061561</a>","Literature","","","Freshwater","25944","Database","2019","Ueda, K., J. Belmonte, A. Shepard, P. Leary, and S. Loarie.","iNaturalist.org","California Academy of Sciences","San Francisco, CA","","","","","","","","","","","","","","","","","","","","","","","","","","","","","","","","","","",""
"1616600","53","Amphibians-Frogs","Hylidae","Hyla cinerea","Green Treefrog","United States of America","NC","Randolph","[No locality description provided]","35.66259","-79.6553","reported","Accurate","Deep","03030003","2018","10","8","established","<a href = https://www.inaturalist.org/observations/18091181 target = _blank >iNaturalist observation ID 18091181</a>","Literature","","","Freshwater","25944","Database","2019","Ueda, K., J. Belmonte, A. Shepard, P. Leary, and S. Loarie.","iNaturalist.org","California Academy of Sciences","San Francisco, CA","","","","","","","","","","","","","","","","","","","","","","","","","","","","","","","","","","",""
"1616576","53","Amphibians-Frogs","Hylidae","Hyla cinerea","Green Treefrog","United States of America","NC","Union","[No locality description provided]","35.06419","-80.3685","reported","Accurate","Rocky","03040105","2018","9","12","established","<a href = https://www.inaturalist.org/observations/16473951 target = _blank >iNaturalist observation ID 16473951</a>","Literature","","","Freshwater","25944","Database","2019","Ueda, K., J. Belmonte, A. Shepard, P. Leary, and S. Loarie.","iNaturalist.org","California Academy of Sciences","San Francisco, CA","","","","","","","","","","","","","","","","","","","","","","","","","","","","","","","","","","",""
"1616521","53","Amphibians-Frogs","Hylidae","Hyla cinerea","Green Treefrog","United States of America","NC","Union","[No locality description provided]","34.89751","-80.70554","reported","Accurate","Lower Catawba","03050103","2018","5","9","established","<a href = https://www.inaturalist.org/observations/12300443 target = _blank >iNaturalist observation ID 12300443</a>","Literature","","","Freshwater","25944","Database","2019","Ueda, K., J. Belmonte, A. Shepard, P. Leary, and S. Loarie.","iNaturalist.org","California Academy of Sciences","San Francisco, CA","","","","","","","","","","","","","","","","","","","","","","","","","","","","","","","","","","",""
"1616522","53","Amphibians-Frogs","Hylidae","Hyla cinerea","Green Treefrog","United States of America","NC","Union","[No locality description provided]","34.89746","-80.70551","reported","Accurate","Lower Catawba","03050103","2018","5","9","established","<a href = https://www.inaturalist.org/observations/12300476 target = _blank >iNaturalist observation ID 12300476</a>","Literature","","","Freshwater","25944","Database","2019","Ueda, K., J. Belmonte, A. Shepard, P. Leary, and S. Loarie.","iNaturalist.org","California Academy of Sciences","San Francisco, CA","","","","","","","","","","","","","","","","","","","","","","","","","","","","","","","","","","",""
"1616441","53","Amphibians-Frogs","Hylidae","Hyla cinerea","Green Treefrog","United States of America","NC","Union","[No locality description provided]","34.94162","-80.74982","reported","Accurate","Lower Catawba","03050103","2017","4","26","established","<a href = https://www.inaturalist.org/observations/5976576 target = _blank >iNaturalist observation ID 5976576</a>","Literature","","","Freshwater","25944","Database","2019","Ueda, K., J. Belmonte, A. Shepard, P. Leary, and S. Loarie.","iNaturalist.org","California Academy of Sciences","San Francisco, CA","","","","","","","","","","","","","","","","","","","","","","","","","","","","","","","","","","",""
"1613875","53","Amphibians-Frogs","Hylidae","Hyla cinerea","Green Treefrog","United States of America","NC","Wake","[No locality description provided]","35.77715","-78.90064","reported","Accurate","Haw","03030002","2016","7","2","established","<a href = https://www.inaturalist.org/observations/3598670 target = _blank >iNaturalist observation ID 3598670</a>","Literature","","","Freshwater","25944","Database","2019","Ueda, K., J. Belmonte, A. Shepard, P. Leary, and S. Loarie.","iNaturalist.org","California Academy of Sciences","San Francisco, CA","","","","","","","","","","","","","","","","","","","","","","","","","","","","","","","","","","",""
"1613876","53","Amphibians-Frogs","Hylidae","Hyla cinerea","Green Treefrog","United States of America","NC","Wake","[No locality description provided]","35.73478","-78.87018","reported","Accurate","Haw","03030002","2015","12","29","established","<a href = https://www.inaturalist.org/observations/3818275 target = _blank >iNaturalist observation ID 3818275</a>","Literature","","","Freshwater","25944","Database","2019","Ueda, K., J. Belmonte, A. Shepard, P. Leary, and S. Loarie.","iNaturalist.org","California Academy of Sciences","San Francisco, CA","","","","","","","","","","","","","","","","","","","","","","","","","","","","","","","","","","",""
"1616595","53","Amphibians-Frogs","Hylidae","Hyla cinerea","Green Treefrog","United States of America","NC","Wake","[No locality description provided]","35.75054","-78.88903","reported","Accurate","Haw","03030002","2018","10","10","established","<a href = https://www.inaturalist.org/observations/17395209 target = _blank >iNaturalist observation ID 17395209</a>","Literature","","","Freshwater","25944","Database","2019","Ueda, K., J. Belmonte, A. Shepard, P. Leary, and S. Loarie.","iNaturalist.org","California Academy of Sciences","San Francisco, CA","","","","","","","","","","","","","","","","","","","","","","","","","","","","","","","","","","",""
"1616621","53","Amphibians-Frogs","Hylidae","Hyla cinerea","Green Treefrog","United States of America","NC","Wake","[No locality description provided]","35.77464","-78.89504","reported","Accurate","Haw","03030002","2019","2","7","established","<a href = https://www.inaturalist.org/observations/20185002 target = _blank >iNaturalist observation ID 20185002</a>","Literature","","","Freshwater","25944","Database","2019","Ueda, K., J. Belmonte, A. Shepard, P. Leary, and S. Loarie.","iNaturalist.org","California Academy of Sciences","San Francisco, CA","","","","","","","","","","","","","","","","","","","","","","","","","","","","","","","","","","",""
"1616689","53","Amphibians-Frogs","Hylidae","Hyla cinerea","Green Treefrog","United States of America","NC","Wake","[No locality description provided]","35.73843","-78.86287","reported","Accurate","Haw","03030002","2019","5","28","established","<a href = https://www.inaturalist.org/observations/26089047 target = _blank >iNaturalist observation ID 26089047</a>","Literature","","","Freshwater","25944","Database","2019","Ueda, K., J. Belmonte, A. Shepard, P. Leary, and S. Loarie.","iNaturalist.org","California Academy of Sciences","San Francisco, CA","","","","","","","","","","","","","","","","","","","","","","","","","","","","","","","","","","",""
"1256682","53","Amphibians-Frogs","Hylidae","Hyla cinerea","Green Treefrog","United States of America","OK","Rogers","near the corner of 620 and 4220 in Inola, Oklahoma","36.11808","-95.49216","reported","Accurate","Lower Verdigris","11070105","2016","5","9","unknown","","NAS sighting report","","","Freshwater","","","","","","","","","","","","","","","","","","","","","","","","","","","","","","","","","","","","","","","","","",""
"1447873","53","Amphibians-Frogs","Hylidae","Hyla cinerea","Green Treefrog","United States of America","OK","Rogers","Preston Lakes Apartments, Owasso, OK","36.28189","-95.80767","reported","Accurate","Bird","11070107","2017","8","30","unknown","","NAS sighting report","","","Freshwater","","","","","","","","","","","","","","","","","","","","","","","","","","","","","","","","","","","","","","","","","",""
"156086","53","Amphibians-Frogs","Hylidae","Hyla cinerea","Green Treefrog","United States of America","OK","Tulsa","Mohawk Park, Tulsa","36.2147222222222","-95.9230555555556","GNIS","Accurate","Bird","11070107","1970","","","collected","B. Olsen, personal communication 2002","Personal communication","","","Freshwater","","","","","","","","","","","","","","","","","","","","","","","","","","","","","","","","","","","","","","","","","",""
"155346","53","Amphibians-Frogs","Hylidae","Hyla cinerea","Green Treefrog","United States of America","OK","Tulsa","Mohawk Park, Tulsa","36.2147222222222","-95.9230555555556","GNIS","Accurate","Bird","11070107","1975","","","extirpated","Large population established breeding population at Mohawk Park (golf course and grounds near Tulsa Zoo), Tulsa, Oklahoma, during the 1970s. These frogs have not been seen for several years and as of 2002 are apparently extirpated.","Personal communication","","","Freshwater","","","","","","","","","","","","","","","","","","","","","","","","","","","","","","","","","","","","","","","","","",""
"1522355","53","Amphibians-Frogs","Hylidae","Hyla cinerea","Green Treefrog","United States of America","PR","","state non-specific","18.2225","-66.46936","Calculated by GIS","Centroid","Puerto Rico","21010000","2000","","","unknown","","Literature","","","Freshwater","32196","Web Page","2000","Caribherp","Amphibians and Reptiles of the Puerto Rican Bank","","","","","","","","","","","","","","","","","","","","","","","","","","","","","","","","","","","","",""
"156087","53","Amphibians-Frogs","Hylidae","Hyla cinerea","Green Treefrog","United States of America","PR","Isabela","Isabela","18.500776","-67.024346","GNIS","Accurate","Cibuco-Guajataca","21010002","1975","","","collected","","Literature","","","Freshwater","13338","Journal Article","1975","Schwartz, A., and R. Thomas","A Check-list of West Indian Amphibians and Reptiles.","","","","","","","","","","","","","","","","","","","","","","","","","","","","","","","","","","","","",""
"238469","53","Amphibians-Frogs","Hylidae","Hyla cinerea","Green Treefrog","United States of America","PR","Quebradillas","Guajataca Reservoir","18.380592","-66.918411","Map derived","Accurate","Cibuco-Guajataca","21010002","2007","5","","established","","Personal communication","","","Freshwater","","","","","","","","","","","","","","","","","","","","","","","","","","","","","","","","","","","","","","","","","",""
"1616941","53","Amphibians-Frogs","Hylidae","Hyla cinerea","Green Treefrog","United States of America","SC","Anderson","[No locality description provided]","34.58861","-82.64977","reported","Accurate","Seneca","03060101","2018","5","6","established","<a href = https://www.inaturalist.org/observations/12201365 target = _blank >iNaturalist observation ID 12201365</a>","Literature","","","Freshwater","25944","Database","2019","Ueda, K., J. Belmonte, A. Shepard, P. Leary, and S. Loarie.","iNaturalist.org","California Academy of Sciences","San Francisco, CA","","","","","","","","","","","","","","","","","","","","","","","","","","","","","","","","","","",""
"1616942","53","Amphibians-Frogs","Hylidae","Hyla cinerea","Green Treefrog","United States of America","SC","Anderson","[No locality description provided]","34.58878","-82.64953","reported","Accurate","Seneca","03060101","2018","5","8","established","<a href = https://www.inaturalist.org/observations/12275473 target = _blank >iNaturalist observation ID 12275473</a>","Literature","","","Freshwater","25944","Database","2019","Ueda, K., J. Belmonte, A. Shepard, P. Leary, and S. Loarie.","iNaturalist.org","California Academy of Sciences","San Francisco, CA","","","","","","","","","","","","","","","","","","","","","","","","","","","","","","","","","","",""
"1616988","53","Amphibians-Frogs","Hylidae","Hyla cinerea","Green Treefrog","United States of America","SC","Fairfield","[No locality description provided]","34.29217","-80.97303","reported","Accurate","Lower Broad","03050106","2019","4","13","established","<a href = https://www.inaturalist.org/observations/22449734 target = _blank >iNaturalist observation ID 22449734</a>","Literature","","","Freshwater","25944","Database","2019","Ueda, K., J. Belmonte, A. Shepard, P. Leary, and S. Loarie.","iNaturalist.org","California Academy of Sciences","San Francisco, CA","","","","","","","","","","","","","","","","","","","","","","","","","","","","","","","","","","",""
"1616998","53","Amphibians-Frogs","Hylidae","Hyla cinerea","Green Treefrog","United States of America","SC","Greenville","[No locality description provided]","34.69337","-82.40739","reported","Accurate","Saluda","03050109","2019","5","20","established","<a href = https://www.inaturalist.org/observations/25467245 target = _blank >iNaturalist observation ID 25467245</a>","Literature","","","Freshwater","25944","Database","2019","Ueda, K., J. Belmonte, A. Shepard, P. Leary, and S. Loarie.","iNaturalist.org","California Academy of Sciences","San Francisco, CA","","","","","","","","","","","","","","","","","","","","","","","","","","","","","","","","","","",""
"1616924","53","Amphibians-Frogs","Hylidae","Hyla cinerea","Green Treefrog","United States of America","SC","Greenville","[No locality description provided]","34.77392","-82.34811","reported","Accurate","Saluda","03050109","2017","9","4","established","<a href = https://www.inaturalist.org/observations/7843256 target = _blank >iNaturalist observation ID 7843256</a>","Literature","","","Freshwater","25944","Database","2019","Ueda, K., J. Belmonte, A. Shepard, P. Leary, and S. Loarie.","iNaturalist.org","California Academy of Sciences","San Francisco, CA","","","","","","","","","","","","","","","","","","","","","","","","","","","","","","","","","","",""
"1616925","53","Amphibians-Frogs","Hylidae","Hyla cinerea","Green Treefrog","United States of America","SC","Greenwood","[No locality description provided]","34.14701","-82.02316","reported","Accurate","Saluda","03050109","2017","9","29","established","<a href = https://www.inaturalist.org/observations/8183414 target = _blank >iNaturalist observation ID 8183414</a>","Literature","","","Freshwater","25944","Database","2019","Ueda, K., J. Belmonte, A. Shepard, P. Leary, and S. Loarie.","iNaturalist.org","California Academy of Sciences","San Francisco, CA","","","","","","","","","","","","","","","","","","","","","","","","","","","","","","","","","","",""
"1616961","53","Amphibians-Frogs","Hylidae","Hyla cinerea","Green Treefrog","United States of America","SC","Greenwood","[No locality description provided]","34.14938","-82.02254","reported","Accurate","Saluda","03050109","2018","10","19","established","<a href = https://www.inaturalist.org/observations/17676999 target = _blank >iNaturalist observation ID 17676999</a>","Literature","","","Freshwater","25944","Database","2019","Ueda, K., J. Belmonte, A. Shepard, P. Leary, and S. Loarie.","iNaturalist.org","California Academy of Sciences","San Francisco, CA","","","","","","","","","","","","","","","","","","","","","","","","","","","","","","","","","","",""
"1617006","53","Amphibians-Frogs","Hylidae","Hyla cinerea","Green Treefrog","United States of America","SC","Greenwood","[No locality description provided]","34.16351","-82.1298","reported","Accurate","Saluda","03050109","2019","5","23","established","<a href = https://www.inaturalist.org/observations/28103883 target = _blank >iNaturalist observation ID 28103883</a>","Literature","","","Freshwater","25944","Database","2019","Ueda, K., J. Belmonte, A. Shepard, P. Leary, and S. Loarie.","iNaturalist.org","California Academy of Sciences","San Francisco, CA","","","","","","","","","","","","","","","","","","","","","","","","","","","","","","","","","","",""
"1616940","53","Amphibians-Frogs","Hylidae","Hyla cinerea","Green Treefrog","United States of America","SC","Greenwood","[No locality description provided]","34.14672","-82.02321","reported","Accurate","Saluda","03050109","2018","4","14","established","<a href = https://www.inaturalist.org/observations/11126539 target = _blank >iNaturalist observation ID 11126539</a>","Literature","","","Freshwater","25944","Database","2019","Ueda, K., J. Belmonte, A. Shepard, P. Leary, and S. Loarie.","iNaturalist.org","California Academy of Sciences","San Francisco, CA","","","","","","","","","","","","","","","","","","","","","","","","","","","","","","","","","","",""
"1616901","53","Amphibians-Frogs","Hylidae","Hyla cinerea","Green Treefrog","United States of America","SC","Greenwood","[No locality description provided]","34.14299","-82.01614","reported","Accurate","Saluda","03050109","2016","11","9","established","<a href = https://www.inaturalist.org/observations/4522843 target = _blank >iNaturalist observation ID 4522843</a>","Literature","","","Freshwater","25944","Database","2019","Ueda, K., J. Belmonte, A. Shepard, P. Leary, and S. Loarie.","iNaturalist.org","California Academy of Sciences","San Francisco, CA","","","","","","","","","","","","","","","","","","","","","","","","","","","","","","","","","","",""
"1616963","53","Amphibians-Frogs","Hylidae","Hyla cinerea","Green Treefrog","United States of America","SC","Lexington","[No locality description provided]","34.01316","-81.22707","reported","Accurate","Saluda","03050109","2018","10","31","established","<a href = https://www.inaturalist.org/observations/17999503 target = _blank >iNaturalist observation ID 17999503</a>","Literature","","","Freshwater","25944","Database","2019","Ueda, K., J. Belmonte, A. Shepard, P. Leary, and S. Loarie.","iNaturalist.org","California Academy of Sciences","San Francisco, CA","","","","","","","","","","","","","","","","","","","","","","","","","","","","","","","","","","",""
"1616934","53","Amphibians-Frogs","Hylidae","Hyla cinerea","Green Treefrog","United States of America","SC","Lexington","[No locality description provided]","34.00175","-81.21417","reported","Accurate","Saluda","03050109","2018","3","22","established","<a href = https://www.inaturalist.org/observations/10363257 target = _blank >iNaturalist observation ID 10363257</a>","Literature","","","Freshwater","25944","Database","2019","Ueda, K., J. Belmonte, A. Shepard, P. Leary, and S. Loarie.","iNaturalist.org","California Academy of Sciences","San Francisco, CA","","","","","","","","","","","","","","","","","","","","","","","","","","","","","","","","","","",""
"1617008","53","Amphibians-Frogs","Hylidae","Hyla cinerea","Green Treefrog","United States of America","SC","Newberry","[No locality description provided]","34.20007","-81.47902","reported","Accurate","Saluda","03050109","2019","5","15","established","<a href = https://www.inaturalist.org/observations/28686833 target = _blank >iNaturalist observation ID 28686833</a>","Literature","","","Freshwater","25944","Database","2019","Ueda, K., J. Belmonte, A. Shepard, P. Leary, and S. Loarie.","iNaturalist.org","California Academy of Sciences","San Francisco, CA","","","","","","","","","","","","","","","","","","","","","","","","","","","","","","","","","","",""
"1617009","53","Amphibians-Frogs","Hylidae","Hyla cinerea","Green Treefrog","United States of America","SC","Newberry","[No locality description provided]","34.20011","-81.47903","reported","Accurate","Saluda","03050109","2019","4","23","established","<a href = https://www.inaturalist.org/observations/28687039 target = _blank >iNaturalist observation ID 28687039</a>","Literature","","","Freshwater","25944","Database","2019","Ueda, K., J. Belmonte, A. Shepard, P. Leary, and S. Loarie.","iNaturalist.org","California Academy of Sciences","San Francisco, CA","","","","","","","","","","","","","","","","","","","","","","","","","","","","","","","","","","",""
"1616969","53","Amphibians-Frogs","Hylidae","Hyla cinerea","Green Treefrog","United States of America","SC","Oconee","[No locality description provided]","34.73199","-82.94415","reported","Accurate","Seneca","03060101","2018","10","17","established","<a href = https://www.inaturalist.org/observations/18980706 target = _blank >iNaturalist observation ID 18980706</a>","Literature","","","Freshwater","25944","Database","2019","Ueda, K., J. Belmonte, A. Shepard, P. Leary, and S. Loarie.","iNaturalist.org","California Academy of Sciences","San Francisco, CA","","","","","","","","","","","","","","","","","","","","","","","","","","","","","","","","","","",""
"1617005","53","Amphibians-Frogs","Hylidae","Hyla cinerea","Green Treefrog","United States of America","SC","Pickens","[No locality description provided]","34.818","-82.57784","reported","Accurate","Saluda","03050109","2019","5","25","established","<a href = https://www.inaturalist.org/observations/27847062 target = _blank >iNaturalist observation ID 27847062</a>","Literature","","","Freshwater","25944","Database","2019","Ueda, K., J. Belmonte, A. Shepard, P. Leary, and S. Loarie.","iNaturalist.org","California Academy of Sciences","San Francisco, CA","","","","","","","","","","","","","","","","","","","","","","","","","","","","","","","","","","",""
"239124","53","Amphibians-Frogs","Hylidae","Hyla cinerea","Green Treefrog","United States of America","TX","Brewster","a beaver pond in Big Bend National Park","29.1794","-102.953","reported","Accurate","Big Bend","13040205","2006","9","30","established","Froglet found atop a submersed bunchgrass in thick vegetation. Vocalizations suggest an established population.","Specimen","preserved","SRSU 1502","Freshwater","16448","Journal Article","2007","Leavitt, D.J., T.C. Mullett, C.M. Ritzi, and J.R. Skiles","Hyla cinerea.","","","31679","Journal Article","2018","Schalk, C.M., C.G. Montana, K. Kralman, D.J. Leavitt","Functional distance and establishment of non-native species with complex life cycles","","","","","","","","","","","","","","","","","","","","","","","","","","","","","",""
"1468523","53","Amphibians-Frogs","Hylidae","Hyla cinerea","Green Treefrog","United States of America","TX","Brewster","a beaver pond in Big Bend National Park","29.1794","-102.953","reported","Accurate","Big Bend","13040205","2017","","","established","","Literature","","","Freshwater","31679","Journal Article","2018","Schalk, C.M., C.G. Montana, K. Kralman, D.J. Leavitt","Functional distance and establishment of non-native species with complex life cycles","","","","","","","","","","","","","","","","","","","","","","","","","","","","","","","","","","","","",""
"1468524","53","Amphibians-Frogs","Hylidae","Hyla cinerea","Green Treefrog","United States of America","TX","Brewster","a beaver pond in Big Bend National Park","29.1794","-102.953","reported","Accurate","Big Bend","13040205","2017","","","established","","Literature","","","Freshwater","31679","Journal Article","2018","Schalk, C.M., C.G. Montana, K. Kralman, D.J. Leavitt","Functional distance and establishment of non-native species with complex life cycles","","","","","","","","","","","","","","","","","","","","","","","","","","","","","","","","","","","","",""
"916","53","Amphibians-Frogs","Hylidae","Hyla cinerea","Green Treefrog","United States of America","TX","Cameron","Rio Grande River valley","26.3200889","-97.816366","Calculated by GIS","Centroid","South Laguna Madre","12110208","1977","","","established","","Literature","","","Freshwater","12167","Journal Article","1977","Conant, R.","The Florida Water Snake (Reptile, Serpentes, Colubridae) Established at Brownsville, Texas, with Comments on other Herpetological Introductions in the Area.","","","","","","","","","","","","","","","","","","","","","","","","","","","","","","","","","","","","",""
"915","53","Amphibians-Frogs","Hylidae","Hyla cinerea","Green Treefrog","United States of America","TX","Cameron","3 miles south of Harlingen","26.181629","-97.695923","Map derived","Accurate","South Laguna Madre","12110208","1950","","","established","","Literature","","","Freshwater","12167","Journal Article","1977","Conant, R.","The Florida Water Snake (Reptile, Serpentes, Colubridae) Established at Brownsville, Texas, with Comments on other Herpetological Introductions in the Area.","","","","","","","","","","","","","","","","","","","","","","","","","","","","","","","","","","","","",""
"914","53","Amphibians-Frogs","Hylidae","Hyla cinerea","Green Treefrog","United States of America","TX","Cameron","Brownsville","25.925011","-97.489929","Map derived","Approximate","South Laguna Madre","12110208","1950","","","established","","Literature","","","Freshwater","12167","Journal Article","1977","Conant, R.","The Florida Water Snake (Reptile, Serpentes, Colubridae) Established at Brownsville, Texas, with Comments on other Herpetological Introductions in the Area.","","","","","","","","","","","","","","","","","","","","","","","","","","","","","","","","","","","","",""
"913","53","Amphibians-Frogs","Hylidae","Hyla cinerea","Green Treefrog","United States of America","TX","Cameron","resacas (lakes) between Brownsville and San Benito","26.024085","-97.553444","Map derived","Approximate","South Laguna Madre","12110208","1930","6","17","established","found choruses of Hyla cinerea","Literature","","","Freshwater","12167","Journal Article","1977","Conant, R.","The Florida Water Snake (Reptile, Serpentes, Colubridae) Established at Brownsville, Texas, with Comments on other Herpetological Introductions in the Area.","","","","","","","","","","","","","","","","","","","","","","","","","","","","","","","","","","","","",""
"1474350","53","Amphibians-Frogs","Hylidae","Hyla cinerea","Green Treefrog","United States of America","VA","Campbell","Custer Drive, Lynchburg, Va","37.37886","-78.99317","reported","Accurate","Middle James-Buffalo","02080203","2018","10","9","unknown","","NAS sighting report","","","Freshwater","","","","","","","","","","","","","","","","","","","","","","","","","","","","","","","","","","","","","","","","","",""
